{"1": [18.9500732421875], "2": [22.1561279296875], "3": [25.39080810546875], "4": [28.62548828125], "5": [31.86016845703125], "6": [35.0948486328125], "7": [38.32952880859375], "8": [-29.3697509765625], "9": [-18.11993408203125], "10": [-6.89874267578125], "11": [4.37969970703125], "12": [12.480712890625], "13": [15.25738525390625], "14": [-9.30328369140625], "15": [-30.48614501953125], "16": [-19.5225830078125], "17": [-8.50177001953125], "18": [-13.19635009765625], "19": [-10.04754638671875], "20": [-6.89874267578125], "21": [-3.74993896484375], "22": [-0.572509765625], "23": [2.5762939453125], "24": [5.72509765625], "25": [8.8739013671875], "26": [12.022705078125], "27": [15.1715087890625], "28": [18.3203125], "29": [21.4691162109375], "30": [24.617919921875], "31": [27.7667236328125], "32": [30.88690185546875], "33": [34.0643310546875], "34": [37.213134765625], "35": [84.845947265625], "36": [133.02264404296875], "37": [181.22796630859375], "38": [229.4046630859375], "39": [277.6099853515625], "40": [325.8153076171875], "41": [373.99200439453125], "42": [512.396240234375], "43": [705.5896606445312], "44": [898.9262084960938], "45": [1092.3200073242188], "46": [1285.7710571289062], "47": [1479.3079833984375], "48": [1853.7007446289062], "49": [2623.2111206054688], "50": [3393.8951416015625], "51": [4165.767120361328], "52": [4938.769805908203], "53": [5712.9031982421875], "54": [6598.260925292969], "55": [8185.0576171875], "56": [9707.289520263672], "57": [11846.057189941406], "58": [14402.9716796875], "59": [16968.94613647461], "60": [19543.107482910156], "61": [22124.682830810547], "62": [25137.916229248047], "63": [29322.948303222656], "64": [33711.6650390625], "65": [38108.13928222656], "66": [42508.248962402344], "67": [46907.75750732422], "68": [51302.52853393555], "69": [55688.382720947266], "70": [61232.62454223633], "71": [66792.0521850586], "72": [72313.29342651367], "73": [77788.37606811523], "74": [83209.35653686523], "75": [88568.74926757812], "76": [93859.44082641602], "77": [99074.61834716797], "78": [104208.04147338867], "79": [109274.89602661133], "80": [114256.9189453125], "81": [119133.19931030273], "82": [123709.37005615234], "83": [128099.79000854492], "84": [132433.54580688477], "85": [136702.02117919922], "86": [140884.69165039062], "87": [145062.03778076172], "88": [149122.8352355957], "89": [153059.75588989258], "90": [156876.5210571289], "91": [160574.99139404297], "92": [164155.38159179688], "93": [167617.99221801758], "94": [170963.52459716797], "95": [174193.0235595703], "96": [177307.73431396484], "97": [180309.07382202148], "98": [183198.97430419922], "99": [185979.26779174805], "100": [188652.1155090332], "101": [191219.75024414062], "102": [193684.57653808594], "103": [196049.12774658203], "104": [198312.35903930664], "105": [200480.92584228516], "106": [202557.60482788086], "107": [204545.10110473633], "108": [206403.56799316406], "109": [208093.3448791504], "110": [209713.47595214844], "111": [211266.1796875]}