{"1": [114.49148654937744], "2": [140.59785068035126], "3": [93.36050748825073], "4": [94.70520615577698], "5": [97.85564303398132], "6": [100.96765995025635], "7": [104.07967686653137], "8": [107.23011374473572], "9": [110.3613406419754], "10": [113.51177752017975], "11": [116.62379443645477], "12": [119.77423131465912], "13": [102.46603846549988], "14": [78.97223174571991], "15": [89.46088135242462], "16": [100.92923998832703], "17": [89.46088135242462], "18": [86.82911396026611], "19": [84.1973465681076], "20": [81.54636919498444], "21": [78.91460180282593], "22": [76.28283441066742], "23": [73.65106701850891], "24": [70.98087966442108], "25": [68.34911227226257], "26": [-3.2080668210983276], "27": [21.20781898498535], "28": [49.5425409078598], "29": [77.89647281169891], "30": [106.26961469650269], "31": [134.6235466003418], "32": [162.9774785041809], "33": [191.31220042705536], "34": [219.7045522928238], "35": [248.03927421569824], "36": [276.39320611953735], "37": [163.91876757144928], "38": [50.234100222587585], "39": [-71.26902937889099], "40": [-96.26121461391449], "41": [279.639692902565], "42": [487.9719364643097], "43": [696.3041800260544], "44": [904.6748435497284], "45": [1113.0262970924377], "46": [1321.4545905590057], "47": [1614.8678398132324], "48": [2182.6188272237778], "49": [2750.5042845010757], "50": [3318.485791683197], "51": [3886.6401886940002], "52": [4646.106786131859], "53": [5830.805522203445], "54": [6905.411857366562], "55": [7980.363972187042], "56": [9395.947469472885], "57": [11951.585707068443], "58": [14508.280493617058], "59": [17065.609209537506], "60": [19623.16844522953], "61": [22180.439531207085], "62": [25301.581188440323], "63": [29669.354560375214], "64": [34031.153628230095], "65": [38384.750034213066], "66": [42727.992260456085], "67": [47058.671159148216], "68": [51374.57758247852], "69": [55855.22880256176], "70": [61430.36868810654], "71": [66968.56778025627], "72": [72465.2925235033], "73": [77916.39356195927], "74": [83317.68311977386], "75": [88665.06947100163], "76": [93954.94113922119], "77": [99183.53296816349], "78": [104347.36795127392], "79": [109473.58979165554], "80": [114585.88439583778], "81": [119621.70406579971], "82": [124578.28256428242], "83": [129453.0649638176], "84": [134243.7940916419], "85": [138948.39526981115], "86": [143564.94750022888], "87": [148091.93319439888], "88": [152527.90199875832], "89": [156719.87522989511], "90": [160757.16969430447], "91": [164710.02668738365], "92": [168577.89872467518], "93": [172360.4784464836], "94": [176057.59296298027], "95": [179669.1078042984], "96": [183195.25349020958], "97": [186636.12607061863], "98": [190027.2448003292], "99": [193821.86918020248], "100": [197751.34762644768], "101": [201552.9644393921], "102": [205228.37167739868], "103": [208779.29823875427], "104": [212207.7419614792], "105": [215515.81594347954], "106": [218705.84459245205], "107": [221850.88346600533], "108": [224926.20931863785], "109": [227882.0875096321], "110": [230721.55321598053], "111": [233448.2563340664], "112": [236066.922519207], "113": [238578.3970105648], "114": [240985.9455049038], "115": [243292.7568590641], "116": [245502.13518977165], "117": [247617.26935386658], "118": [249641.32899820805], "119": [251577.54139959812], "120": [253428.98015499115]}